Category,Word,Mean_Valence,SD_Valence,Mean_Arousal,SD_Arousal,Mean_Familiarity,SD_Familiarity,Mean_Concreteness,SD_Concreteness,Frequency,Length,English,log_frequency,picked,PATH,blank_dur,category
animal,Almeja,4.921052631578949,1.6986732334124204,3.4210526315789487,1.7496189383941527,4.24,2.3853720883753127,6.72,2.6223399220289245,0.54,6,Clam,-0.6161861394238171,True,../stimuli_figure/Clam.jpeg,0.35022490885271323,Living_Things
object,Bisturí,3.263157894736842,2.0883746496014908,6.526315789473684,2.063018545530653,4.04,2.4234960972391377,7.84,1.6753109164172073,6.07,7,Scalpel,1.803358605071407,True,../stimuli_figure/Scalpel.jpeg,0.6916519647918088,Nonliving_Things
object,Escudo,4.7368421052631575,1.4460423253929602,4.947368421052632,1.7698277274700398,3.8,2.309401076758503,6.291666666666668,2.6454089297870573,8.93,6,Shield,2.189416394888408,True,../stimuli_figure/Shield.jpeg,0.4490508469968241,Nonliving_Things
animal,Tigre,5.973684210526316,2.019992535512876,7.236842105263157,1.837068912864095,3.76,2.50466231922256,7.6,1.848422751068236,4.29,5,Tiger,1.4562867329399256,True,../stimuli_figure/Tiger.jpeg,0.3831961062787288,Living_Things
object,Alambre,3.263157894736842,1.605467188488873,4.026315789473684,2.1496302900890374,3.64,2.0591260281974,7.4,1.3228756555322954,4.64,7,Wire,1.534714366238164,True,../stimuli_figure/Wire.jpeg,0.6209612541298068,Nonliving_Things
animal,Lince,6.894736842105262,1.3313166351136376,6.657894736842105,1.7285569014623643,3.6,2.179449471770337,6.76,2.1268129521265693,1.25,5,Lynx,0.22314355131420974,True,../stimuli_figure/Lynx.jpeg,0.4430948891756056,Living_Things
animal,Pato,6.2368421052631575,1.282611578336145,3.763157894736842,1.8950035374183023,4.76,2.6814175355583845,7.8,1.6329931618554518,4.82,4,Duck,1.572773928062509,True,../stimuli_figure/Duck.jpeg,0.496888170153366,Living_Things
object,Mecedora,6.342105263157895,1.834744489015173,2.6578947368421053,1.6648401561041697,4.04,2.3537204591879637,6.52,2.2752289262108696,4.11,8,Rocking chair,1.4134230285081433,True,../stimuli_figure/Rocking chair.jpeg,0.6413376631006421,Nonliving_Things
animal,Toro,3.4210526315789487,1.9400693627523176,7.0,1.7706312815307244,4.76,2.6025628394590843,7.84,1.5459624833740293,13.21,4,Bull,2.580974118534234,True,../stimuli_figure/Bull.jpeg,0.5172082847300278,Living_Things
object,Peluche,7.473684210526316,1.2244544754488242,4.1578947368421035,2.5204709533057583,4.8,2.4152294576982403,6.56,2.142428528562856,2.14,7,Teddy,0.7608058290337602,True,../stimuli_figure/Teddy.jpeg,0.5806393224773664,Nonliving_Things
object,Cometa,6.315789473684211,1.416223817207838,5.184210526315789,1.7375855126986577,4.88,2.471841418861654,7.24,1.8321208111548388,7.5,6,Kite,2.0149030205422647,True,../stimuli_figure/Kite.jpeg,0.6091721148344669,Nonliving_Things
animal,Golondrina,6.315789473684211,1.3173532670307042,4.3421052631578965,1.8347444890151736,3.12,2.06801031589948,7.16,1.4047538337136969,2.32,10,Swallow,0.8415671856782185,True,../stimuli_figure/Swallow.jpeg,0.6907175139430841,Living_Things
object,Misil,1.5526315789473684,0.7240041966823505,6.7894736842105265,1.9885876386486108,3.6,2.3804761428476167,7.8,1.3228756555322954,5.0,5,Missile,1.6094379124341005,True,../stimuli_figure/Missile.jpeg,0.4136258849875571,Nonliving_Things
animal,Escarabajo,3.3684210526315788,1.6833212445988381,4.552631578947368,2.2862381283489173,3.36,1.8,7.52,1.5307950004273383,1.43,10,Beetle,0.3576744442718159,True,../stimuli_figure/Beetle.jpeg,0.3994516770315879,Living_Things
object,Soplete,3.763157894736842,1.6180437057925559,4.842105263157895,2.0205206151355566,3.9166666666666665,2.7491764247666524,7.4,1.5275252316519468,2.5,7,Blowtorch,0.9162907318741552,True,../stimuli_figure/Blowtorch.jpeg,0.3265927378113443,Nonliving_Things
animal,Caracol,5.052631578947368,1.9583137868136629,3.210526315789473,2.1073602641865827,5.0,1.9790570145063195,7.88,1.2355835328567109,5.36,7,Snail,1.6789639750827108,True,../stimuli_figure/Snail.jpeg,0.6522509812740682,Living_Things
object,Jeringa,2.0,1.2080808993852437,6.947368421052633,1.6594914300903707,3.56,2.3108440016582685,6.4,2.565800719723442,1.07,7,Syringe,0.06765864847381486,True,../stimuli_figure/Syringe.jpeg,0.4645065889559096,Nonliving_Things
object,Navaja,2.0789473684210527,1.4590181620374196,6.421052631578947,2.1514492783133536,3.64,1.7767010628315238,7.24,1.7860571099491744,13.39,6,Razor,2.594508159703081,True,../stimuli_figure/Razor.jpeg,0.5998300580647877,Nonliving_Things
object,Trípode,4.578947368421051,1.2867637794801643,3.8157894736842106,2.179204704397911,3.64,2.5311394008759507,6.56,1.87260958735842,1.79,7,Tripod,0.5822156198526637,True,../stimuli_figure/Tripod.jpeg,0.5801747609983143,Nonliving_Things
object,Tuerca,4.3421052631578965,1.648526217966491,3.4736842105263164,1.856134345459025,4.08,2.515286597321797,6.4,2.0615528128088303,0.71,6,Nut,-0.342490308946776,True,../stimuli_figure/Nut.jpeg,0.34830167781302285,Nonliving_Things
animal,Oveja,5.657894736842105,1.3411635889793536,4.026315789473684,1.9794463067649943,3.68,2.1354156504062622,7.84,1.2476644848141918,6.61,5,Sheep,1.8885836538635947,True,../stimuli_figure/Sheep.jpeg,0.5424277486920208,Living_Things
animal,Zorro,5.63157894736842,1.923131632879728,5.921052631578947,1.6986732334124204,3.208333333333333,2.2062986251159216,7.791666666666668,1.5874279625330658,4.82,5,Fox,1.572773928062509,True,../stimuli_figure/Fox.jpeg,0.3878987993686725,Living_Things
animal,Mono,6.342105263157895,1.6485262179664901,5.684210526315789,2.041531793185916,4.24,2.241279396535232,6.28,1.6713268182295562,18.21,4,Monkey,2.9019708937395174,True,../stimuli_figure/Monkey.jpeg,0.493625090067789,Living_Things
animal,Pulga,2.2894736842105257,1.2925544525482384,5.63157894736842,2.1488029682364003,3.76,2.4372115213907883,7.24,1.9638397762207245,1.79,5,Flea,0.5822156198526637,True,../stimuli_figure/Flea.jpeg,0.4503914455539501,Living_Things
object,Refinería,3.6216216216216215,1.9054213787586805,4.351351351351353,2.440585269245157,3.6,2.9580398915498085,6.96,2.3000000000000003,0.89,9,Refinery,-0.11653381625595152,True,../stimuli_figure/Refinery.jpeg,0.694426754065328,Nonliving_Things
animal,Abejorro,2.131578947368421,1.3187023234692454,7.078947368421053,1.5833863633154823,4.4,2.4152294576982403,7.52,1.5307950004273383,0.18,8,Bumblebee,-1.7147984280919266,True,../stimuli_figure/Bumblebee.jpeg,0.4252197708119795,Living_Things
object,Dardo,4.394736842105264,2.086500674337629,4.973684210526316,2.1115748203428923,3.92,2.307957249748501,7.32,1.4352700094407331,7.5,5,Dart,2.0149030205422647,True,../stimuli_figure/Dart.jpeg,0.6688783092536021,Nonliving_Things
animal,Lobo,4.815789473684211,2.357910930141509,6.815789473684211,1.7375855126986566,4.4,2.4152294576982403,7.68,1.7729448195962938,15.18,4,Wolf,2.719978771967484,True,../stimuli_figure/Wolf.jpeg,0.33011582516855226,Living_Things
object,Pegamento,4.394736842105264,1.4803117583297167,3.657894736842105,1.7441224199141598,4.76,2.3323807579381195,7.4,1.7559422921421233,1.61,9,Glue,0.4762341789963717,True,../stimuli_figure/Glue.jpeg,0.3799102739620031,Nonliving_Things
animal,Cebra,5.7105263157894735,1.4502170338382827,5.026315789473684,1.731845478801922,4.16,2.718455443813637,7.52,2.2568414506414345,0.89,5,Zebra,-0.11653381625595152,True,../stimuli_figure/Zebra.jpeg,0.6780495164580831,Living_Things
object,Hamaca,7.0,1.506741607001768,3.3157894736842106,2.267338756243072,4.28,2.622339922028925,7.88,1.3940349110884338,2.5,6,Hammock,0.9162907318741552,True,../stimuli_figure/Hammock.jpeg,0.36650836555215016,Nonliving_Things
animal,Mejillón,5.342105263157895,1.6648401561041688,3.5789473684210527,2.0747071294114563,4.36,2.3430749027719964,7.76,1.7146428199482242,3.21,8,Mussel,1.1662709371419244,True,../stimuli_figure/Mussel.jpeg,0.5098816911528989,Living_Things
animal,Águila,6.157894736842105,1.5513954623216122,6.0,1.6765472885698187,4.32,2.444722206441188,7.36,1.8,7.86,6,Eagle,2.0617866064411148,True,../stimuli_figure/Eagle.jpeg,0.40634409019617457,Living_Things
animal,Pingüino,7.0,1.506741607001768,4.947368421052632,2.2773546581452395,4.0,2.6770630673681683,7.04,2.051016008388688,1.96,8,Penguin,0.6729444732424258,True,../stimuli_figure/Penguin.jpeg,0.5994736886779646,Living_Things
object,Arco,4.842105263157895,1.3259635107586647,4.052631578947368,1.7076515946484954,4.08,2.4650895859312425,6.2,2.2546248764114467,22.86,4,Arc,3.1293886583666644,True,../stimuli_figure/Arc.jpeg,0.4242043722587088,Nonliving_Things
object,Desagüe,2.9473684210526314,1.4877403221002128,4.078947368421051,1.8362944318377408,3.88,2.333095225946282,7.36,1.380821011813865,1.07,7,Drain,0.06765864847381486,True,../stimuli_figure/Drain.jpeg,0.3688581622112192,Nonliving_Things
