Category,Word,Mean_Valence,SD_Valence,Mean_Arousal,SD_Arousal,Mean_Familiarity,SD_Familiarity,Mean_Concreteness,SD_Concreteness,Frequency,Length,English,log_frequency,picked,PATH,blank_dur,category
object,Inyección,2.0526315789473686,1.2290925771886112,7.0,1.4886961463697743,5.0,1.8708286933869709,6.64,1.8230011885167088,6.96,9,Injection,1.9401794743463283,True,../stimuli_figure/Injection.jpeg,0.3398883566167853,Nonliving_Things
object,Navaja,2.0789473684210527,1.4590181620374196,6.421052631578947,2.1514492783133536,3.64,1.7767010628315238,7.24,1.7860571099491744,13.39,6,Razor,2.594508159703081,True,../stimuli_figure/Razor.jpeg,0.5998300580647877,Nonliving_Things
animal,Leopardo,6.078947368421053,1.9225768033352053,6.2894736842105265,1.844024604643876,3.48,1.9390719429665322,7.96,1.2741009902410934,0.54,8,Leopard,-0.6161861394238171,True,../stimuli_figure/Leopard.jpeg,0.6270903346928804,Living_Things
animal,Ciervo,6.526315789473684,1.2021791498743444,4.868421052631579,1.7269102643641998,3.24,2.259793500890439,7.32,1.9941581348194704,1.79,6,Deer,0.5822156198526637,True,../stimuli_figure/Deer.jpeg,0.356584433268876,Living_Things
object,Trípode,4.578947368421051,1.2867637794801643,3.8157894736842106,2.179204704397911,3.64,2.5311394008759507,6.56,1.87260958735842,1.79,7,Tripod,0.5822156198526637,True,../stimuli_figure/Tripod.jpeg,0.5801747609983143,Nonliving_Things
animal,Mono,6.342105263157895,1.6485262179664901,5.684210526315789,2.041531793185916,4.24,2.241279396535232,6.28,1.6713268182295562,18.21,4,Monkey,2.9019708937395174,True,../stimuli_figure/Monkey.jpeg,0.493625090067789,Living_Things
animal,Tigre,5.973684210526316,2.019992535512876,7.236842105263157,1.837068912864095,3.76,2.50466231922256,7.6,1.848422751068236,4.29,5,Tiger,1.4562867329399256,True,../stimuli_figure/Tiger.jpeg,0.3831961062787288,Living_Things
animal,Lince,6.894736842105262,1.3313166351136376,6.657894736842105,1.7285569014623643,3.6,2.179449471770337,6.76,2.1268129521265693,1.25,5,Lynx,0.22314355131420974,True,../stimuli_figure/Lynx.jpeg,0.4430948891756056,Living_Things
animal,Pato,6.2368421052631575,1.282611578336145,3.763157894736842,1.8950035374183023,4.76,2.6814175355583845,7.8,1.6329931618554518,4.82,4,Duck,1.572773928062509,True,../stimuli_figure/Duck.jpeg,0.496888170153366,Living_Things
object,Lancha,6.157894736842105,1.6028069261998623,5.894736842105262,1.9142350625830131,3.2,1.914854215512676,7.12,2.0066555924389893,1.96,6,Boat,0.6729444732424258,True,../stimuli_figure/Boat.jpeg,0.5651627480017002,Nonliving_Things
animal,Canario,6.052631578947367,1.6431243874063004,4.3421052631578965,2.030528033967596,3.96,2.207562758639793,6.44,2.0631690833925047,5.54,7,Canary,1.7119945007591924,True,../stimuli_figure/Canary.jpeg,0.3157727789471784,Living_Things
animal,Abejorro,2.131578947368421,1.3187023234692454,7.078947368421053,1.5833863633154823,4.4,2.4152294576982403,7.52,1.5307950004273383,0.18,8,Bumblebee,-1.7147984280919266,True,../stimuli_figure/Bumblebee.jpeg,0.4252197708119795,Living_Things
object,Soplete,3.763157894736842,1.6180437057925559,4.842105263157895,2.0205206151355566,3.9166666666666665,2.7491764247666524,7.4,1.5275252316519468,2.5,7,Blowtorch,0.9162907318741552,True,../stimuli_figure/Blowtorch.jpeg,0.3265927378113443,Nonliving_Things
object,Desagüe,2.9473684210526314,1.4877403221002128,4.078947368421051,1.8362944318377408,3.88,2.333095225946282,7.36,1.380821011813865,1.07,7,Drain,0.06765864847381486,True,../stimuli_figure/Drain.jpeg,0.3688581622112192,Nonliving_Things
object,Tuerca,4.3421052631578965,1.648526217966491,3.4736842105263164,1.856134345459025,4.08,2.515286597321797,6.4,2.0615528128088303,0.71,6,Nut,-0.342490308946776,True,../stimuli_figure/Nut.jpeg,0.34830167781302285,Nonliving_Things
animal,Canguro,6.13157894736842,1.069757553527243,4.947368421052632,1.99928863593695,4.44,2.6627053911388696,7.68,1.7253019059476715,0.36,7,Kangaroo,-1.0216512475319814,True,../stimuli_figure/Kangaroo.jpeg,0.5133845796091538,Living_Things
animal,Gallina,4.578947368421051,1.2221288238233792,4.605263157894737,1.6030287833434544,4.64,2.6280537792569363,6.92,2.3259406699226006,13.04,7,Hen,2.5680215564985067,True,../stimuli_figure/Hen.jpeg,0.6461740608013807,Living_Things
animal,Escarabajo,3.3684210526315788,1.6833212445988381,4.552631578947368,2.2862381283489173,3.36,1.8,7.52,1.5307950004273383,1.43,10,Beetle,0.3576744442718159,True,../stimuli_figure/Beetle.jpeg,0.3994516770315879,Living_Things
object,Bisturí,3.263157894736842,2.0883746496014908,6.526315789473684,2.063018545530653,4.04,2.4234960972391377,7.84,1.6753109164172073,6.07,7,Scalpel,1.803358605071407,True,../stimuli_figure/Scalpel.jpeg,0.6916519647918088,Nonliving_Things
object,Sierra,3.7105263157894735,2.0912674901850736,5.052631578947368,2.1428368216878355,3.12,1.9646882704388504,6.76,1.4798648586948735,14.82,6,Mountain range,2.695977619867941,True,../stimuli_figure/Mountain range.jpeg,0.3372105295874164,Nonliving_Things
object,Esterilla,5.2368421052631575,1.6346618879477692,3.394736842105264,1.9664685549290872,3.88,2.420743687382041,6.56,2.5832795693330093,0.36,9,Wicker,-1.0216512475319814,True,../stimuli_figure/Wicker.jpeg,0.6294771101447622,Nonliving_Things
object,Jeringa,2.0,1.2080808993852437,6.947368421052633,1.6594914300903707,3.56,2.3108440016582685,6.4,2.565800719723442,1.07,7,Syringe,0.06765864847381486,True,../stimuli_figure/Syringe.jpeg,0.4645065889559096,Nonliving_Things
object,Patinete,5.7105263157894735,1.7692248224184892,5.105263157894737,1.969901543488508,3.52,2.181742422927143,6.84,1.6753109164172073,0.18,8,Scooter,-1.7147984280919266,True,../stimuli_figure/Scooter.jpeg,0.3395414379077053,Nonliving_Things
animal,Chimpancé,6.2368421052631575,1.2177562558737995,5.894736842105262,1.448008393364701,4.28,2.574231276841043,7.88,1.8556220879622385,4.82,9,Chimpanzee,1.572773928062509,True,../stimuli_figure/Chimpanzee.jpeg,0.6612907827141231,Living_Things
object,Puñal,1.921052631578948,1.440374931433131,6.894736842105262,1.7365618981693516,3.32,2.0760539492026693,7.52,1.5842979517754858,5.89,5,Dagger,1.7732559976634952,True,../stimuli_figure/Dagger.jpeg,0.6815956343170306,Nonliving_Things
object,Bengala,4.657894736842105,1.75955024642699,6.13157894736842,1.5451939899481344,3.16,1.8636880997992489,7.08,1.5790292376436004,1.07,7,Bengal,0.06765864847381486,True,../stimuli_figure/Bengal.jpeg,0.4793428504331507,Nonliving_Things
object,Dardo,4.394736842105264,2.086500674337629,4.973684210526316,2.1115748203428923,3.92,2.307957249748501,7.32,1.4352700094407331,7.5,5,Dart,2.0149030205422647,True,../stimuli_figure/Dart.jpeg,0.6688783092536021,Nonliving_Things
animal,Cebra,5.7105263157894735,1.4502170338382827,5.026315789473684,1.731845478801922,4.16,2.718455443813637,7.52,2.2568414506414345,0.89,5,Zebra,-0.11653381625595152,True,../stimuli_figure/Zebra.jpeg,0.6780495164580831,Living_Things
object,Alambre,3.263157894736842,1.605467188488873,4.026315789473684,2.1496302900890374,3.64,2.0591260281974,7.4,1.3228756555322954,4.64,7,Wire,1.534714366238164,True,../stimuli_figure/Wire.jpeg,0.6209612541298068,Nonliving_Things
object,Alfombra,5.026315789473684,1.1965455256191009,2.9210526315789487,1.8215167268911472,4.84,1.9723082923316024,7.44,2.1617893822787955,16.07,8,Carpet,2.776954179749421,True,../stimuli_figure/Carpet.jpeg,0.4353028058083288,Nonliving_Things
animal,Camello,5.815789473684211,1.5041431637924283,4.868421052631579,1.9054835894898383,4.28,2.622339922028925,7.56,1.293573860795485,2.32,7,Camel,0.8415671856782185,True,../stimuli_figure/Camel.jpeg,0.6761707371938879,Living_Things
animal,Ballena,6.378378378378378,1.3611953764441211,4.4324324324324325,1.965544037502941,4.88,2.260530911091463,7.96,1.3988090172238197,3.04,7,Whale,1.1118575154181305,True,../stimuli_figure/Whale.jpeg,0.4615016474232289,Living_Things
animal,Águila,6.157894736842105,1.5513954623216122,6.0,1.6765472885698187,4.32,2.444722206441188,7.36,1.8,7.86,6,Eagle,2.0617866064411148,True,../stimuli_figure/Eagle.jpeg,0.40634409019617457,Living_Things
animal,Zorro,5.63157894736842,1.923131632879728,5.921052631578947,1.6986732334124204,3.208333333333333,2.2062986251159216,7.791666666666668,1.5874279625330658,4.82,5,Fox,1.572773928062509,True,../stimuli_figure/Fox.jpeg,0.3878987993686725,Living_Things
object,Misil,1.5526315789473684,0.7240041966823505,6.7894736842105265,1.9885876386486108,3.6,2.3804761428476167,7.8,1.3228756555322954,5.0,5,Missile,1.6094379124341005,True,../stimuli_figure/Missile.jpeg,0.4136258849875571,Nonliving_Things
animal,Pulga,2.2894736842105257,1.2925544525482384,5.63157894736842,2.1488029682364003,3.76,2.4372115213907883,7.24,1.9638397762207245,1.79,5,Flea,0.5822156198526637,True,../stimuli_figure/Flea.jpeg,0.4503914455539501,Living_Things
